"Name","Score","Rank","T.Score","T.Rank","p1","p2","p3","p4","p5","p6","The Explorer I","The Explorer II","The Explorer III","The Heretic I","The Heretic II","The Heretic III","Slow and Steady I","Slow and Steady II","Slow and Steady III","The Politician I","The Politician II","The Politician III","The Pious I","The Pious II","The Pious III","Nature's Ally I","Nature's Ally II","Nature's Ally III","Avarice I","Avarice II","Avarice III","The Inheritor I","The Inheritor II","The Inheritor III","Gelatinous Body I","Gelatinous Body II","Gelatinous Body III","Lord of Darkness I","Lord of Darkness II","Lord of Darkness III","Spiteful I","Spiteful II","Spiteful III","Speed Demon I","Speed Demon II","Speed Demon III","Nemelex' Choice I","Nemelex' Choice II","Nemelex' Choice III","The Conqueror I","The Conqueror II","The Conqueror III","The Prophet I","The Prophet II","The Prophet III","The Ascetic I","The Ascetic II","The Ascetic III","The Lorekeeper I","The Lorekeeper II","The Lorekeeper III","Vow of Courage I","Vow of Courage II","Vow of Courage III","Brute Force I","Brute Force II","Brute Force III","Graceful I","Graceful II","Graceful III","Ruthless Efficiency I","Ruthless Efficiency II","Ruthless Efficiency III","Descent into Madness I","Descent into Madness II","Descent into Madness III","The Harvest I","The Harvest II","The Harvest III","Angel of Justice I","Angel of Justice II","Angel of Justice III"
"Remove Jiyva (yermak)",2799.05354742646,1,8273,21,"yermak",NA,NA,NA,NA,NA,"","","X","","","","","","X","","","X","","","X","","","X","","","X","","","X","","","X","","","X","X","","","","","X","","","X","","","X","","","X","","","X","","","X","","","X","","","","","","X","X","","","","","X","","","X","","","X"
"Knee Deep In The Bread (mibe)",2405.47086586174,2,21946,1,"mibe","charly","rbrandon","sharkman1231","dying5ever","surr","","","X","","X","","","","X","","","X","","","X","","","X","","","X","","","X","","","X","","","X","","","X","","","X","","","X","","","X","","","X","","","X","","X","","","","X","","","","X","","","","","","","X","","","","X","","","X"
"Cats Cradle (enterq)",2248.19509611258,3,8424,20,"enterq","haru","mirygol","radinms","shotax",NA,"","","X","X","","","","X","","X","","","","X","","","X","","","X","","","","X","","","X","X","","","","","X","","","X","","","X","","","X","","","X","","","X","","","X","","X","","","","X","X","","","X","","","","","X","","X","","","","X"
"AWBW Blames Lasty And So Should You (morganleah)",2233.29088186736,4,18494,4,"morganleah","snack","lasty","rast","rchandra","walkerboh","","","X","","X","","","","X","","","X","","","X","","","X","","","X","","","X","","","X","X","","","","","X","","","X","","","X","","","X","","","X","","","X","X","","","","","X","","X","","X","","","X","","","","","X","","","X","","","X"
"Gozag or Go Home (ge0ff)",1710.67177959191,5,19769,2,"ge0ff","faldahar","beargit","chobophobe","ranchugoldfish","toastedzergling","","","X","X","","","","","X","","","X","","","X","","","X","","","X","","","X","","","X","","","X","X","","","","","X","","","X","","","X","","","X","","","X","","X","","","","X","X","","","X","","","X","","","","","X","","","X","","","X"
"Make Aus Servers pls (allrandomalldemise)",1603.89511700522,6,18737,3,"allrandomalldemise","doesnt","gorglomux","manman","alcopop","ytcomultraviolent4","","","X","X","","","","","X","","X","","","","X","","","X","","X","","","","X","","","X","X","","","X","","","","","X","","","X","","","X","","","X","","","X","","X","","","","X","","","X","X","","","","","","","","X","","","X","","","X"
"Barachi hop hop miss lava orc (inmateoo)",1532.85023488546,7,11594,11,"inmateoo","hungryspirit","mdvedh","barbarian",NA,NA,"","","X","X","","","","X","","","","X","","","X","","","X","","","X","X","","","","","X","","","X","","","","","","X","","","X","","","X","","","X","X","","","X","","","","","X","X","","","X","","","","X","","","","X","","","X","","","X"
"Way of the exploding fist (p0werm0de)",1486.8949723672,8,15701,5,"p0werm0de","leszczynek","normalperson7","vajrapani","arkorax","tidbits","","","X","X","","","","","X","","","X","","X","","","","X","","X","","","","X","","","X","X","","","X","","","","","X","","","X","","","X","","X","","X","","","X","","","","X","","X","","","","","X","","X","","","","X","","","X","","","X"
"TalkingTime - Draconians Without Hats (crut)",1474.45064893216,9,13146,7,"crut","captblasto","aturtledoesbite","gerad","rkdn42","sporophyte","","","X","X","","","","","X","","","X","","X","","","","X","","","X","","","X","","","X","","","X","X","","","","","","","","X","","","X","","","X","","X","","X","","","","","X","","X","","X","","","","","","","","X","","","X","","","X"
"National Tengu Union (salmon)",1027.79429990827,10,8621,18,"salmon","jmglibera","seawater","airetmc","eld","mooon","","","X","X","","","","X","","","","X","","X","","","X","","","X","","X","","","","","X","X","","","X","","","","","X","","","X","","","X","","X","","X","","","X","","","","","X","","","X","X","","","X","","","","","X","","","X","","","X"
"TeamSplat (mandevil)",916.875294005442,11,11749,9,"mandevil","neondemon","danielguo94","helmschank","shummie","vegansnacktivist","","","X","X","","","","","X","","X","","","X","","","","X","","X","","","","","","","X","","","X","X","","","","X","","","","X","","X","","","X","","","","X","","X","","","X","","","","","X","","","","","","","","X","","X","","","","X"
"The Devils Team (gammafunk)",913.971770688103,12,7547,26,"gammafunk","advil","amalloy","mikee","wheals","wormsofcant","","X","","","","","","","X","","X","","","X","","X","","","","X","","","","X","","X","","","","","X","","","","","","","","X","","X","","","X","","","","","","","X","X","","","","","","X","","","","","","","X","","","X","","","",""
"Borgnjors Vile Clutch Purse (tasonir)",881.627768123545,13,11024,12,"tasonir","findleman","odds","glosham","mopl","tcjsavannah","","","X","X","","","","","X","","X","","","X","","","","X","","","X","","","","","","X","","X","","X","","","","","X","","","X","","","X","X","","","","","X","X","","","","X","","","","","X","","","","","","","X","","","X","","","","X"
"Korean Statuephilia Association (ninetaledfox)",848.029418912306,14,11646,10,"ninetaledfox","huckle","nichipe","bhh","melvina","sdynet","","","X","X","","","","","X","","","X","","X","","","","X","","X","","","","X","","","X","X","","","X","","","","","X","","","X","","","X","","","X","","X","","X","","","","","X","","","","X","","","","","","","","X","","X","","","","X"
"Concert at the Vestibule Featuring Guest Soloist Geryon on Horn (tittycrusher)",828.064047926849,15,5714,42,"tittycrusher","spacey","merkolit",NA,NA,NA,"","","X","","X","","","X","","","X","","","X","","","X","","","X","","","","","","","X","X","","","","","","","X","","","","X","","X","","","X","","X","","","X","","","","X","","X","","","X","","","","X","","","","X","","X","","","","X"
"Dithmenos Earns It (rubinko)",745.583353680052,16,5282,50,"rubinko","undo","qoala",NA,NA,NA,"","","X","X","","","","","X","","","X","","","X","","","X","","X","","X","","","","","X","","","","","","","","X","","","","","","X","","","X","","","","X","X","","","","","X","X","","","X","","","","","","X","","","","","X","","","X"
"Team Z (realz)",728.087736262343,17,7211,28,"realz","zarni","benbrode","chaemirix","foxor","legendaryferret","","","X","","","","","","X","","X","","","","X","","X","","","X","","","X","","","","X","X","","","","","","","","X","","","X","","","X","","","X","X","","","X","","","X","","","","","","X","","","X","","","","","X","","","X","","","X"
"Cats without Hats  (gordonoverkill)",708.904007226184,18,15174,6,"gordonoverkill","monsterracer","vomitron","bluepsion","brathek","dominolapin","","","X","X","","","","","X","","X","","","","X","","X","","","X","","","X","","","","X","X","","","X","","","","","X","","","X","","","X","","","X","X","","","X","","","X","","","X","","","X","","","","","","","X","","","","X","","","X"
"Rippar (rippar)",699.981276465594,19,6126,37,"rippar","skryme","thug4l1f3","iamoutofideas","jink69",NA,"","","X","X","","","X","","","X","","","","X","","","X","","","X","","X","","","X","","","X","","","","X","","","X","","X","","","","X","","","X","","","","X","X","","","","","X","","","","X","","","X","","","","X","","","","X","","","X"
"ZotLastClick (stonar)",686.520306286838,20,2927,78,"stonar","voodoofly","westonodom",NA,NA,NA,"","X","","","","","","X","","X","","","","X","","X","","","","X","","","","X","","X","","","","","","","X","","X","","","X","","","X","","","","","X","","","X","","","X","","","","","","X","","","","","","X","","","","X","","","",""
"Fresh Soup Kitchen (angani)",583.480014585611,21,7627,25,"angani","shadedknight","unholydonuts","devnull","petermcneter","ssteam","","","X","","","","","X","","","X","","","X","","","X","","","X","","","","X","","X","","","","","X","","","","","X","","","X","","","X","","X","","","","X","X","","","X","","","","X","","X","","","","","","X","","","","","X","","","X"
"Moms with Stair-steppers (raiza)",569.213968648268,22,12167,8,"raiza","darktechnomancer","dunwichhorror","anyone","keipra","tself55","","","X","X","","","","","X","","X","","","X","","","","X","","X","","","","","","","X","X","","","","","","","","X","","","X","","","X","","X","","","","X","X","","","X","","","","","","X","","","","","","","","X","","","X","","","X"
"The Birdmen (hellonello)",566.690963599346,23,5710,43,"hellonello","cabbagehands",NA,NA,NA,NA,"","X","","","","","","","X","","X","","","X","","X","","","","X","","","","X","","","X","X","","","","","","","","X","","","X","","","X","","","X","X","","","X","","","","","X","","","","X","","","","","","","X","","","X","","","X",""
"Quine McCluskey method (daviar)",561.861816866164,24,5638,44,"daviar","aviak",NA,NA,NA,NA,"","","X","X","","","","X","","","","X","","X","","","","X","","X","","","","","","","X","X","","","X","","","","","X","","","X","","","X","","X","","X","","","X","","","","X","","X","","","X","","","","","","","","X","","","X","","","X"
"TeamKillers (zkyp)",546.999974695282,25,10310,13,"zkyp","dogshitonmytoe","imganon","medar","puimur",NA,"","","X","X","","","","","X","","","X","","X","","","","X","","X","","","","","","","X","X","","","","","","","","X","","","X","","","X","","","","X","","","X","","","","","X","X","","","X","","","","","","","X","","","X","","","","X"
"TalkingSlime - A Farewell to Third Arms (laularukyrumo)",528.767594441179,26,1999,92,"laularukyrumo","destil","rebelfire","rosewoodpip",NA,NA,"","X","","","","","X","","","X","","","","X","","","","X","","X","","","X","","","X","","X","","","","","","","X","","","X","","X","","","X","","","","X","","X","","","","X","","X","","","X","","","","X","","","X","","X","","","","",""
"cats-n-pigs (mirrmurr)",522.763055747362,27,3970,63,"mirrmurr","magipi",NA,NA,NA,NA,"","","X","X","","","","X","","X","","","","X","","","X","","","X","","","X","","","","X","X","","","X","","","","X","","","X","","","","X","","","X","X","","","","X","","X","","","","","","X","","","","","","X","","","","","X","","","X"
"Nagas Stacked (windshieldviper)",503.477844167473,28,8049,23,"windshieldviper","dynast","lostintranslocation","astrith","bazoo","chance672","","","X","","","","","","X","","","X","","X","","","X","","","X","","","","","","","X","","","","X","","","","","X","","","X","","X","","","X","","","","X","X","","","","X","","","","","X","","","","","","","","X","","","X","","","X"
"Kimchi Them All (ajaj)",500.60155275439,29,9457,16,"ajaj","cinornu","moonokgonju","n103509","watermold",NA,"","","X","","","","","X","","","","X","","X","","","X","","","X","","","X","","","","X","X","","","X","","","","","X","","","X","","","X","","X","","X","","","X","","","","","X","","","","X","","","","","","","","X","","","X","","","X"
"Boulder Bisque (sleeves)",488.504803159006,30,5622,46,"sleeves","liimbo","sillywilly","demiskeleton","onlghost",NA,"","X","","X","","","","X","","","","X","","","X","","X","","","X","","","X","","","","X","X","","","","","","","","X","","X","","","X","","X","","","X","","","X","","","","X","","","","","X","","","","","","","","X","","X","","","","X"
"K2 (kamikatze)",482.840046762772,31,9949,15,"kamikatze","roak","somebody","thaneod","lansh","punpun","","","X","X","","","","X","","","","X","","X","","","X","","","X","","X","","","","","X","X","","","X","","","","","X","X","","","","X","","","X","","X","","","X","","","","","X","","","","X","","","X","","","","","X","","","X","","","X"
"Dream SheepleZzz (lokibrotherofthor)",467.32390780125,32,7944,24,"lokibrotherofthor","mrdna","uhlv","cephied0","pedant","taran","","","X","X","","","","X","","","","X","","X","","","X","","","X","","","X","","","","X","X","","","X","","","","X","","X","","","","X","","X","","","","","X","","X","","","X","","","","","X","","","","","","X","","","","X","","","","X"
"Gozags Part Time Crew (sage1234)",465.540710695567,33,8770,17,"sage1234","yore","dolemite99","emikaela","mattshark","stpyramids","","","X","X","","","","X","","X","","","","X","","","X","","","X","","X","","","","X","","X","","","X","","","","X","","","","X","","X","","","X","","X","","","","X","","","","X","X","","","X","","","X","","","","X","","","X","","","","X"
"Azrael Is Our Greatest Ally (likado)",460.117182609822,34,6403,34,"likado","exolun","jynri","sargx",NA,NA,"","","X","","","","","X","","","X","","","","X","","X","","","X","","","X","","","","X","","","","X","","","","","X","","X","","","","X","","X","","X","","","X","","","X","","","","","","X","","","","","","X","","","","","X","","","X"
"WDIFTL (backslashecho)",455.94040706503,35,6985,29,"backslashecho","tab","gimp","moonpresence",NA,NA,"","","X","X","","","X","","","","X","","","X","","","X","","","X","","","X","","","","X","X","","","X","","","","","X","","","X","","X","","","X","","","","X","X","","","","","X","X","","","X","","","","","","","X","","","X","","","","X"
"Spriggan Bakers (iksarhs)",447.673931758748,36,5629,45,"iksarhs","episkeydeux","fargo","phindah","puffin",NA,"","X","","X","","","","X","","","X","","","X","","X","","","","X","","X","","","","","X","X","","","X","","","","","X","X","","","","","X","X","","","X","","","X","","","","X","","","X","","X","","","","","","","X","","","","X","","","X"
"AWBW 2 Return of the Clamps (prozacelf)",421.367631295982,37,3938,64,"prozacelf","kramin","suckerboh",NA,NA,NA,"","","X","","","","X","","","","X","","","X","","","X","","","X","","","X","","","X","","X","","","X","","","","X","","","","","","X","","","X","","","X","","X","","","X","","","","","","X","","","","X","","","X","","","X","","","","X"
"Dope Dorks Diving Dank Dungeons (lukano)",415.930608312826,38,8537,19,"lukano","thenoid","neckro23","odiv","slitherrr","staplegun","","","X","X","","","","","X","","X","","","X","","","X","","","X","","","X","","","","X","X","","","","","","","","X","","X","","","X","","","X","","X","","","X","","","","","X","","","","X","","","X","","","","X","","","X","","","","X"
"Ereshkigals Exceptionally Eerie Egregiously Execrable Empire (happinesssam)",404.465354806799,39,6775,31,"happinesssam","snubmonkey","sribri","ddubois","jebus","terrapin","","","X","X","","","X","","","","X","","","X","","","X","","","X","","","X","","","X","","X","","","X","","","","","X","X","","","","X","","","","","","","X","X","","","","X","","","","","X","","","X","","","","","X","","X","","","","X"
"D1 Jackals (chish)",404.019509405541,40,3477,69,"chish","cryptlord","craycraysider",NA,NA,NA,"","","X","X","","","","X","","X","","","","X","","","X","","","X","","","","X","","","X","","","","X","","","","X","","","","X","","X","","","X","","","X","","X","","","","X","","","","","X","","","","","","","X","","","","X","","","X"
"CovfeFE (fallibilist)",376.419588464783,41,7494,27,"fallibilist","cthulhuhoop","jackthecabe","moohaus","nino",NA,"","","X","X","","","","X","","","X","","","X","","","X","","","X","","","","X","","","X","X","","","X","","","","","X","","","X","","X","","","X","","X","","","X","","","X","","","","","","","","","","","","","","X","","X","","","","X"
"Bring Back Everything (jerkstore)",360.825081248964,42,5299,49,"jerkstore","cliffracer","floodkiller","pinechild","thalamas","worldfamousw","","","X","","","","","X","","","X","","","X","","","X","","","X","","","","X","","X","","X","","","","","","","","X","","X","","","X","","","X","","X","","","X","","","X","","","X","","","X","","","","","","","","X","","X","","","","X"
"YOBA (theanonym)",346.036270650362,43,9995,14,"theanonym","iwannabefree","plasmagod","tovarisch","ldf","wazuzu","","","X","X","","","","X","","","X","","","X","","","X","","","X","","X","","","","","X","X","","","X","","","","X","","","","X","","X","","","X","","X","","","X","","","","X","","","","","X","","","","","","","","X","","","X","","","X"
"Tlon Uqbar Orbis Zotii (rgaf)",343.012412757899,44,4408,57,"rgaf","xxsatanxx","chrlz","mirrorencyclopedia",NA,NA,"","","X","X","","","","X","","","X","","","X","","","X","","","X","","","","","","","X","X","","","X","","","","","X","X","","","","","X","","X","","X","","","X","","","X","","","","","","X","","","X","","","","X","","","","X","","","X"
"TEAM MEAT (vanveen)",314.368788457782,45,5893,41,"vanveen","hubbles","jess","shadowablaze",NA,NA,"","","X","X","","","","X","","","X","","","X","","","X","","","X","","","","X","","X","","X","","","X","","","","","X","","","X","","X","","","X","","X","","","X","","","X","","","","","","X","","","","","","X","","","","X","","","","X"
"Single Serving (fearitself)",310.097126742191,46,3801,65,"fearitself",NA,NA,NA,NA,NA,"","X","","","","","","X","","X","","","","X","","X","","","","X","","","","","","","X","","","","X","","","","","","","","X","","X","","","X","","X","","","","X","","X","","","","","","X","","","","","","","X","","","","X","","","X"
"Bay12 Champions (dani)",309.027166611719,47,8264,22,"dani","awoo","absolon","escy","fakechuck","petestorm","","","X","X","","","X","","","X","","","","X","","","X","","","X","","","X","","","","X","X","","","","","","","","X","","","X","","","X","","X","","X","","","X","","","X","","","","","","X","","","","","","","X","","","","X","","","X"
"Android Netcrawlers (tmoiynmwg)",286.376242212008,48,5352,47,"tmoiynmwg","ponce","simonmoon","miek","thesubatomic",NA,"","","X","","","","X","","","X","","","","X","","","X","","","X","","","X","","","X","","X","","","","","","","","","","X","","","","X","","","","X","","","","X","","X","","","","","","X","","","","","","","X","","","X","","","X",""
"Ive got Wu Jian my radar (candlesan)",278.498955649808,49,4665,54,"candlesan","gnome","c0l","gedrah","shibe","violetgray","","","X","X","","","","X","","","","","","X","","","X","","","X","","","","","","","X","","","","","","","","","X","","","X","","","X","","X","","X","","","X","","","X","","","","","","X","","","","","","","X","","","","X","","","X"
"Bay12 Miners (ggurman)",255.463514945225,50,6883,30,"ggurman","fv001","cerran","damiac","quinnr","vogonpoet","","X","","X","","","X","","","","X","","","X","","X","","","","X","","","X","","X","","","X","","","","","","X","","","X","","","","X","","","X","","X","","","","X","","X","","","","","","X","","","","","","X","","","","X","","","","X"
"Pandemonium Cakes (ksagri)",251.033840724904,51,4087,61,"ksagri","socksu",NA,NA,NA,NA,"","","X","","","","","X","","X","","","","X","","","X","","","X","","","","","","","X","X","","","","","","","","X","","X","","","","X","","","","","","","X","","","X","","","","","","X","","","","","","","","X","","X","","","","X"
"Ashenzari Not Sorry (rwhughston)",248.437228351757,52,6689,32,"rwhughston","frostedmuffins","bookman","downpour","nestalgia","thrayn","","X","","X","","","","X","","X","","","","X","","","X","","","X","","","X","","","","X","X","","","X","","","","X","","","","X","","X","","","","","X","","","X","","","","X","","","","","X","","","","","","","X","","","X","","","","X"
"Cheis Casually Chill Chums (jiveturtle)",247.76299649869,53,6012,40,"jiveturtle","cosaga5","typeaskee","werew","cerulescent","melvinkitnick","","","X","X","","","","X","","","X","","","X","","","X","","","X","","X","","","X","","","X","","","","","","","","X","X","","","","X","","X","","","","X","","X","","","","X","","","","","X","","","","","","X","","","","X","","","","X"
"Gnollbody Here But Us Chickens (dillytodds)",246.27832577524,54,2818,79,"dillytodds","nicocat","kewadin","nix","wulfston",NA,"","X","","","","","X","","","","X","","","X","","X","","","","X","","","","X","X","","","X","","","","","","","","","X","","","","X","","","","","","","","X","","","X","","","X","","","X","","","X","","","X","","","","X","","","",""
"Beer Advisors New Clothes (mukku)",225.997947364741,55,5134,52,"mukku","heintsi","marsu","sour","turnburgler",NA,"","X","","","","","","X","","X","","","","X","","X","","","","X","","X","","","","X","","X","","","X","","","","","X","","","X","","X","","","","","X","","","X","","","","X","","X","","","X","","","","","","X","","","","X","","","",""
"At Home Apple Juice (joy1999)",216.881448451986,56,5136,51,"joy1999","enhl","justnoob","kccg005","tosi1",NA,"","","X","","","","X","","","X","","","","X","","","X","","","X","","","","","X","","","X","","","","","","","X","","","","X","","X","","","X","","X","","","X","","","","X","","","","","X","","","","","","","","X","","X","","","","X"
"The League of Explorers (mdonais)",216.315871913408,57,5350,48,"mdonais","celestalon","drumil","nagnazul","theelusivetrout",NA,"","","X","X","","","","X","","X","","","","X","","","X","","","X","","","","","","","X","X","","","","","","","","","","","X","","X","","X","","","X","","","X","","","X","","","","","","X","","","","","","X","","","","","X","","","X"
"xobeh must die (tlatlagkaus)",214.99177379458,58,2085,90,"tlatlagkaus",NA,NA,NA,NA,NA,"","","X","X","","","X","","","","","X","","X","","","X","","","X","","","","","","","","X","","","","","","","","X","","","X","","X","","","","","","","","","","","","X","","","","","X","","","","","","X","","","","X","","","X",""
"AmberSquad (jazmu)",201.097692378898,59,2669,80,"jazmu","ripsaw",NA,NA,NA,NA,"","","X","","","","X","","","X","","","X","","","","X","","","X","","","","","","","","X","","","X","","","","X","","X","","","","X","","","","","X","","","X","","","X","","","","","","","","","","","","","","X","","","X","","","X"
"Flying Fantastica (lifeff)",199.046913034912,60,1929,94,"lifeff",NA,NA,NA,NA,NA,"","","X","X","","","X","","","","","X","X","","","","X","","","X","","","","","","","","X","","","","","","","","X","","","","","X","","","X","","","","","","","","","X","","","","","X","","","","","","X","","","","X","","","","X"
"Boys Club (jacory)",197.460947000127,61,1316,105,"jacory","imaginemesusan",NA,NA,NA,NA,"","X","","","","","X","","","","","","X","","","X","","","","X","","X","","","X","","","X","","","X","","","X","","","X","","","","X","","X","","","","X","","X","","","X","","","","","","X","","","X","","","X","","","","X","","","",""
"Mutagenic Hunks (jjjjhere)",193.255806331346,62,3288,72,"jjjjhere","anklez","dilpil",NA,NA,NA,"","X","","","","","","","X","","X","","","X","","","","","","X","","","","","","","X","X","","","","","","","","X","","","","","X","","","X","","X","","","X","","","X","","","","","","X","","","","","","X","","","","X","","","",""
"GWJ - Laugh it up QuantumFuzzball (mixolyde)",191.606805962855,63,3494,68,"mixolyde","erikthered","zaque","kaostheory","quantumfuzzball",NA,"","X","","X","","","X","","","X","","","","X","","X","","","","X","","","","X","X","","","X","","","","","","","","","X","","","","X","","X","","","X","","","X","","","X","","","","","","X","","","","","","X","","","","X","","","X",""
"Wu Jiang Clan (datul)",188.983776221641,64,6291,36,"datul","techfiend","victoriouslee","poulshu","shadowmage952",NA,"","","X","X","","","","X","","","X","","","X","","","X","","","X","","","","","","X","","","","","","","","","","","X","","","","X","","","","","X","","","X","","","X","","","X","","","X","","","","","","","X","","","X","","","","X"
"DistantZot (wimpyranger)",188.628303405904,65,3753,66,"wimpyranger","coron",NA,NA,NA,NA,"","","X","X","","","X","","","X","","","","X","","","X","","","X","","","X","","X","","","X","","","","","","","","X","X","","","","X","","X","","","","","","X","","","X","","","","","","X","","","","","","","X","","","X","","","","X"
"GnARly Splatters (lemonizer)",181.475812539081,66,6078,38,"lemonizer","gaball","jlipinski","caco","epdtry","nikheizen","","","X","X","","","","X","","","X","","","X","","","X","","","X","","X","","","","X","","","","","","","","","X","","X","","","","X","","","X","","X","","","X","","","X","","","","","","X","","","","","","X","","","","X","","","","X"
"Dancing With The Stairs (swordhuntergil)",180.1527794483,67,2381,84,"swordhuntergil","exaltedone87","rassilon","spypoet","sin92","staren","","X","","","","","X","","","X","","","X","","","X","","","","X","","X","","","X","","","X","","","","","","","X","","","","","","X","","","","","X","","","X","","","","X","","X","","","X","","","X","","","X","","","","X","","X","",""
"This machine kills formacids (mrdesaussure)",179.062262600215,68,4627,55,"mrdesaussure","antisprigganmachine","commandertso","dweomer","fatvalkilmer","franklloydfight","","X","","X","","","X","","","X","","","","X","","","X","","","X","","X","","","X","","","X","","","X","","","","X","","","","","","X","","","","","X","","","X","","","X","","","X","","","X","","","","","","","X","","","X","","","","X"
"BeardAndBelly (calmdownmonkey)",175.504097358754,69,3257,73,"calmdownmonkey","dxctxrx",NA,NA,NA,NA,"","","X","X","","","","","X","","","","","X","","","X","","","X","","","","","","X","","","","","","","","","","","","","","","X","","","X","","X","","","","","","X","","","","","","","","","","","","X","","","","X","","","","X"
"High Elf Low Win (morosan)",175.330621530996,70,4034,62,"morosan","astralzenith","orionpirate","briggs","nszabo","treasuregoblin","","","X","","","","","X","","X","","","","X","","","X","","","X","","X","","","X","","","","","","","","","","","","","","","","X","","","X","","X","","","X","","","X","","","","","","X","","","X","","","X","","","","X","","","","X"
"SLAMDUNKATRON (willcat)",175.25099937892,71,2508,82,"willcat","badtown","murtidash","samog",NA,NA,"","X","","","","","X","","","","X","","","X","","X","","","","X","","","X","","","X","","X","","","","","","","X","","","","X","","X","","X","","","X","","","X","","","X","","","","","","X","","","","","","X","","","","X","","","X",""
"Octofelid (squidcat)",168.493090168943,72,3325,71,"squidcat","ktgrey",NA,NA,NA,NA,"","","X","X","","","","X","","X","","","","X","","","X","","","X","","","","","","","X","","","","","","","","","X","","X","","","X","","","","","","","","X","","","X","","","","","","","","","","","","X","","","","X","","","","X"
"GWJ - Rational Fears (michaelh)",166.055633876735,73,4137,60,"michaelh","athros","math","merphle","rauc",NA,"","X","","X","","","X","","","X","","","","X","","X","","","","X","","","X","","X","","","X","","","X","","","","","","X","","","","X","","","X","","X","","","X","","","X","","","","","","X","","","","","","X","","","","X","","","","X"
"BIGLEE (agentgt)",153.942535553339,74,1706,99,"agentgt",NA,NA,NA,NA,NA,"","X","","X","","","X","","","X","","","","X","","","X","","","X","","","X","","","X","","X","","","","","","","X","","","","","","X","","","","","X","","","X","","","","X","","","","","","","","","","","X","","","","X","","X","",""
"Makhlebs Mighty Masters of Massacre (ketziah)",151.767209117978,75,1869,96,"ketziah",NA,NA,NA,NA,NA,"","X","","","","","X","","","X","","","","X","","X","","","","X","","","X","","","X","","X","","","","","","","X","","X","","","","X","","","X","","X","","","X","","","X","","","","","","X","","","","","","","X","","","X","","","",""
"O Tab Never Change (remembernootab)",149.646611915981,76,4724,53,"remembernootab","hwata","insane59","lysistrata","myplmy",NA,"","","X","X","","","X","","","X","","","","X","","","X","","","X","","","","","X","","","X","","","","","","","X","","X","","","","X","","","","","X","","","X","","","","X","","","","","X","","","","","","","X","","","X","","","","X"
"course 27 (estick)",140.562617064345,77,1945,93,"estick",NA,NA,NA,NA,NA,"","","X","","","","X","","","","X","","","X","","","X","","","X","","","","","X","","","X","","","","","","","X","","","","","","X","","","","","X","","","X","","","","X","","","","","X","","","","","","","X","","","X","","","","X"
"CanardsCrawlers (nattefrost)",137.06248762756,78,6046,39,"nattefrost","canard","dirian","gigax","gobbopathe",NA,"","X","","","","","X","","","","X","","","X","","X","","","","X","","","","","","X","","X","","","","","","","X","","","","","","X","","","X","","X","","","X","","","","X","","","","","X","","","","","","X","","","","X","","","X",""
"TheAcademyOfTomorrowMans (lexackson)",136.03839721592,79,2321,86,"lexackson",NA,NA,NA,NA,NA,"","X","","","","","X","","","","X","","","X","","X","","","","X","","","","","","X","","","","","","","","","","X","","","","","X","","","X","","","","","X","","","X","","","","","","X","","","","","","","X","","","X","","","X",""
"MFC CBROs-in-Arms (johnstein)",127.67189156467,80,4187,59,"johnstein","jerbear56","almightybob","greynaab","zombiesheep","zureal","","X","","X","","","","X","","","X","","X","","","","X","","","X","","","","","","","","","","","","","","","","","X","","","","X","","","X","","","","","X","","","X","","","","","","","","","","","","","X","","X","","","","","X"
"Saint Rokas Pikel Pics Incurred Penance (rikonman)",126.754334777589,81,6572,33,"rikonman","acetwo5","letos","esper6","kalaber","komi","","","X","X","","","X","","","X","","","X","","","","X","","","X","","","","","X","","","","","","X","","","","","","","","","","X","","","X","","X","","","X","","","X","","","","","","X","","","","","","X","","","","X","","","","X"
"Where In The Tomb Is Carmen Sandiego (almacia)",123.19843616227,82,4308,58,"almacia","cosmicafro","dri","remliel","righteousdevil","theonedm","","","X","","","","X","","","X","","","X","","","","X","","","X","","X","","","X","","","X","","","","","","","X","","","","","","X","","","X","","X","","","X","","","X","","","","","","X","","","","","","X","","","","X","","","","X"
"wu-tang council (mandarbmax)",121.341099054284,83,972,110,"mandarbmax","sicily",NA,NA,NA,NA,"","X","","","","","X","","","X","","","","X","","","","","","X","","","X","","X","","","X","","","X","","","","X","","X","","","X","","","","","","X","","","X","","","X","","","","","","X","","","","","","X","","","X","","","","",""
"GnollPointerError (slowgraham)",121.020488370359,84,3158,74,"slowgraham","wendy","esekla","larett",NA,NA,"","X","","","","","","X","","X","","","","X","","X","","","","X","","","","","","X","","X","","","","","","","","","","","","","X","","","X","","X","","","X","","","X","","","","","","X","","","","","","","X","","","X","","X","",""
"CanardsB (libidonplus)",114.90797464798,85,3435,70,"libidonplus","dorian","ketzopolo","mortelune",NA,NA,"","","X","","","","X","","","X","","","X","","","","X","","","X","","","","","X","","","X","","","X","","","","","","","","","","X","","","","","X","","","X","","","X","","","","","","X","","","","","","","X","","","X","","","","X"
"TOROGU SAIKYO (nkym)",111.003651517112,86,1870,95,"nkym",NA,NA,NA,NA,NA,"","","X","X","","","X","","","","X","","X","","","","X","","","X","","","","","","","","","","","","","","","X","","","","","","X","","","","","","","","X","","","X","","","","","","X","","","","","","","X","","","X","","","","X"
"TanksAlot (malchor)",109.973825340834,87,4579,56,"malchor","feihao","galeswift","acluon","craftbrews",NA,"","X","","X","","","X","","","X","","","","X","","X","","","","X","","","","","X","","","X","","","","","","","","","","","","","X","","","X","","X","","","","","","X","","","","","","X","","","","","","","X","","","X","","","","X"
"Raiders of the Lost Zot (skilld14)",105.212105157019,88,3072,76,"skilld14","djent","psymar","adept","fww","plussizemalemodel","","X","","","","","X","","","X","","","X","","","X","","","","X","","","","","X","","","","","","","","","","","","X","","","","X","","","","","X","","","X","","","X","","","","","","X","","","X","","","X","","","X","","","X","",""
"Way of the exploding fish (braks)",104.856082768066,89,273,130,"braks",NA,NA,NA,NA,NA,"","","","","","","X","","","X","","","X","","","","","","X","","","","","","X","","","","","","","","","","","","","","","X","","","","","","","","","X","","","X","","","X","","","","","","X","","","X","","","X","","","","",""
"GWJ - Gnoll Means Gnoll (tboon)",101.781965903526,90,3083,75,"tboon","godzillablitz","clumber","quasichaos","senkrad","taharka","","X","","","","","X","","","X","","","X","","","X","","","","X","","","","","X","","","","","","","","","","","","X","","","","","X","","X","","X","","","","","","X","","","","","","X","","","","","","X","","","X","","","","",""
"In Soviet Ru Drink Sacrifices You (defenestrate)",99.5767353730388,91,623,118,"defenestrate",NA,NA,NA,NA,NA,"X","","","","","","","","","","","","X","","","","","","X","","","","","X","","","","","","","","","","","","","","","","","X","","","","","","","","","","","","","","","","","","","","","","","X","","","","","","","",""
"Zin Censorship of The Color Purple (coolio)",98.9771507365984,92,954,111,"coolio","whaleporn",NA,NA,NA,NA,"X","","","","","","X","","","X","","","","X","","","","","","X","","X","","","X","","","X","","","","","","","X","","X","","","X","","","","","","X","","","X","","","","X","","","","","X","","","","","","X","","","X","","","","",""
"serious work stuff (grisnicke)",97.4961328390509,93,2487,83,"grisnicke","swippen","asthiss","eeldvark",NA,NA,"","X","","","","","X","","","X","","","X","","","","","","","X","","","","","","","","X","","","","","","","","","","","","","X","","","X","","X","","","X","","","X","","","X","","","X","","","","","","X","","","","X","","","",""
"MFC Statistically Xomlikely (apoch)",97.4052594211345,94,3506,67,"apoch","hildebrand","aubilenon","laceratedsky","omnomnominous","tkappleton","","X","","","","","X","","","","","","X","","","X","","","","X","","","X","","X","","","X","","","","","","","X","","","","","","X","","","","","X","","","X","","","X","","","","","","X","","","","","","X","","","","X","","X","",""
"DoomKitty (loopi)",97.0634209521503,95,1210,106,"loopi",NA,NA,NA,NA,NA,"","X","","X","","","X","","","","X","","X","","","X","","","","X","","","","","X","","","","","","","","","","","","X","","","","X","","","X","","","","","X","","","","","","","","","X","","","","","","X","","","X","","","X","",""
"Troubled Troops (othur)",96.243267627896,96,1609,101,"othur","plantmann",NA,NA,NA,NA,"","X","","","","","X","","","","","","X","","","X","","","","X","","","X","","","","","X","","","","","","","","","","","","X","","","X","","","X","","","","","","X","","","","","","X","","","","","","X","","","","X","","","","X"
"HoldTab (ricardofg)",92.2166739720412,97,1763,97,"ricardofg","frisk",NA,NA,NA,NA,"","","X","X","","","X","","","","","","X","","","","X","","","X","","","","","","","","X","","","","","","","X","","","","","","X","","","","","X","","","X","","","X","","","","","","X","","","","","","X","","","","X","","","","X"
"The juiceboys (xlukarx)",89.0872876566659,98,2214,87,"xlukarx","mansion","lukarsbuttslave",NA,NA,NA,"","X","","","","","X","","","","X","","X","","","","X","","","X","","","","","X","","","X","","","","","","","","","","","","","X","","","","","X","","","","","","X","","","","","","X","","","","","","","X","","","X","","","X",""
"Lee-s Rapid Selfdeconstruction (megalobster)",87.5692867516781,99,6354,35,"megalobster","cecky","pekkekk","mtoz","scypho","zargo","","X","","","","","","X","","X","","","","X","","X","","","","X","","","","","X","","","","","","","","","","","","","","","","X","","","X","","X","","","X","","","X","","","","","","X","","","","","","X","","","","X","","","",""
"highest energy crawlers (lakren)",87.2056522982039,100,2334,85,"lakren","platinum",NA,NA,NA,NA,"","X","","","","","X","","","X","","","","X","","X","","","","X","","","","","","X","","X","","","","","","","X","","","","","","X","","X","","","X","","","","","","X","","","","","","X","","","","","","X","","","","X","","","",""
"Sophististache (bionic)",83.5597829482884,101,3036,77,"bionic","apparentbliss","sollaires",NA,NA,NA,"","X","","","","","X","","","","","","","X","","X","","","","X","","","","","X","","","X","","","X","","","","X","","","","","","X","","","","","X","","","X","","","X","","","","","","X","","","","","","X","","","","X","","","",""
"javacore (syranez)",80.7270317913513,102,2110,89,"syranez","plasmo",NA,NA,NA,NA,"","X","","","","","","X","","","","","X","","","X","","","","X","","","","","","","","","","","","","","","X","","","","","","X","","","","","X","","","X","","","X","","","","","","","","","","","","","X","","","X","","","","X"
"Vehumet Denials (eyebeam)",76.6518410020664,103,855,113,"eyebeam",NA,NA,NA,NA,NA,"X","","","","","","X","","","X","","","X","","","X","","","","X","","","X","","X","","","X","","","","","","","","","","","","","X","","","","","","","","X","","","X","","","","","","","","","","","","X","","","X","","","","",""
"Splat-tastic (drmcmeen)",75.4450693697094,104,1629,100,"drmcmeen","darthra","sarak","stanlydoodrich",NA,NA,"","X","","","","","X","","","","","","X","","","X","","","","X","","","X","","X","","","","","","","","","","","","","","","","X","","","","","X","","","X","","","X","","","","","","X","","","","","","X","","","X","","","","",""
"Crazy Yiufs Discount Fruit and Hammers (farquar)",73.3376808073075,105,2068,91,"farquar","plasto","matticus","owlicus","tolb",NA,"","X","","","","","X","","","X","","","","X","","X","","","","X","","","","","X","","","X","","","","","","","","","","","","X","","","","","","","","","X","","","X","","","","","","X","","","","","","","X","","","X","","X","",""
"CRAWL dot XTAHUA dot COM - RAWR (xtahua)",68.9921598770124,106,1161,108,"xtahua","emtedronai",NA,NA,NA,NA,"","X","","X","","","","","","","X","","X","","","","X","","","X","","","","","","","","","","","","","","","","","","","","","X","","","","","","","","","","","","","","","","","","","","","","","X","","","X","","","","","X"
"Zot Sluts (shmup)",68.0468796121387,107,1106,109,"shmup","ces","lucai",NA,NA,NA,"X","","","","","","X","","","","","","X","","","","","","X","","","","","","","","","X","","","","","","","","","","","","X","","","","","","","X","","","","","X","","","","","","X","","","","","","X","","","X","","","","",""
"42 (glorfindel)",60.8473632756736,108,309,128,"glorfindel",NA,NA,NA,NA,NA,"X","","","","","","X","","","","","","X","","","","","","X","","","","","","","","","","","","","","","","","","","","","X","","","","","","X","","","","","","X","","","","","","X","","","X","","","X","","","","","","","",""
"Contribution to the Environment (firemonkey)",60.4017884957733,109,511,120,"firemonkey",NA,NA,NA,NA,NA,"X","","","X","","","X","","","X","","","X","","","X","","","","X","","","","","X","","","X","","","","","","","","","X","","","X","","","","","","","","","X","","","X","","","","","","X","","","","","","","","","X","","","","",""
"And My Axe (woodford)",57.2981784102453,110,2118,88,"woodford","gemini00",NA,NA,NA,NA,"","X","","","","","","X","","","","","X","","","","","","","X","","","","","X","","","","","","","","","","","","X","","","","X","","","","","X","","","X","","","X","","","","","","","","","","","","X","","","X","","","","",""
"Slain by a Quokka (minsecho)",56.153890268736,111,1487,103,"minsecho","becksghost","goshheckie","lobsterguardian","olmar",NA,"X","","","X","","","X","","","","","","X","","","","","","X","","","X","","","X","","","X","","","","","","","","","","","","X","","","","","","X","","","","","","X","","","","","","X","","","","","","X","","","X","","","","",""
"Ogre 9000 (charmandara)",51.0787881545623,112,511,120,"charmandara","warped",NA,NA,NA,NA,"X","","","","","","X","","","X","","","X","","","","","","X","","","","","","X","","","X","","","","","","","","","","X","","X","","","","","","X","","","","","","X","","","","","","X","","","","","","","","","X","","","","",""
"Dungeon Runners (clownkicker)",51.0611865247055,113,2627,81,"clownkicker","bovrilthebat","edp","goodxknight","pinata","slothferatu","","X","","","","","X","","","","","","X","","","X","","","","X","","","","","","","","","","","","","","","","","","","","","X","","X","","","X","","","X","","","X","","","","","","X","","","","","","X","","","","X","","","",""
"APE (biblin)",50.4333981688889,114,1413,104,"biblin","baljet",NA,NA,NA,NA,"X","","","","","","","X","","","","","X","","","","","","","X","","","","","","","","X","","","","","","","","","X","","","","X","","","","","","","","","","","X","","","","","","X","","","","","","X","","","X","","","","",""
"Cannot win for losing (zlionsfan)",48.7144781230125,115,401,124,"zlionsfan",NA,NA,NA,NA,NA,"X","","","","","","X","","","X","","","","X","","X","","","X","","","","","","X","","","X","","","","","","","","","","","","X","","","","","","X","","","X","","","X","","","","","","X","","","","","","","","","X","","","","",""
"ANT CLIMATIC (tv1990)",47.1661422076424,116,1726,98,"tv1990","theswoord",NA,NA,NA,NA,"","X","","","","","X","","","","","","X","","","","","","","X","","","","","","","","","","","","","","","","","","","","","X","","","","","X","","","","","","","X","","","","","X","","","","","","X","","","X","","","","",""
"Incurable Boneitis (hatguy)",42.6534979165832,117,536,119,"hatguy","doomlord",NA,NA,NA,NA,"","X","","","","","X","","","X","","","X","","","X","","","","X","","","","","","","","","","","","","","","X","","","","","X","","","","","","","","","X","","","X","","","","","","","","","","","","","","","X","","","X","",""
"Something Inappropriate (yooby)",39.9433553096275,118,912,112,"yooby","shazbot",NA,NA,NA,NA,"","X","","","","","X","","","X","","","X","","","X","","","","X","","","","","X","","","","","","","","","","","","","","","X","","","","","","X","","","X","","","X","","","","","","","","","","","","X","","","X","","","","",""
"Something Something Grassy Gnoll (brutalitops)",39.5438423800373,119,423,122,"brutalitops","lastplaneout","ungratefuldead",NA,NA,NA,"X","","","","","","X","","","","","","X","","","","","","X","","","X","","","X","","","X","","","","","","","","","","","","X","","","","","","","","","","","","X","","","","","","X","","","","","","X","","","","","","","",""
"Wu Jiang Clan (fourba)",38.7435227062906,120,1194,107,"fourba","coolguy96","mustachioooo",NA,NA,NA,"X","","","","","","X","","","","","","X","","","X","","","X","","","","","","","","","","","","","","","","X","","","","","X","","","","","","X","","","X","","","X","","","","","","X","","","","","","X","","","","X","","","",""
"Kraithan Or Bust (aeraethus)",38.5220051250546,121,1505,102,"aeraethus","dakvas","drenieon","rb",NA,NA,"X","","","","","","X","","","","","","X","","","X","","","","X","","","","","","","","X","","","","","","","","","","","","","X","","","","","X","","","X","","","X","","","","","","X","","","","","","X","","","X","","","","",""
"BananaBoat (sorlin)",38.1285458139358,122,832,114,"sorlin",NA,NA,NA,NA,NA,"","X","","","","","X","","","","","","X","","","","","","X","","","","","","","","","","","","X","","","","","","","","","","X","","","","","","","","","","","","","","","","","","","","","","","X","","","X","","","","",""
"XomBae (xombae)",37.5476545009731,123,719,116,"xombae",NA,NA,NA,NA,NA,"X","","","","","","X","","","","","","X","","","","","","","X","","","","","","","","","","","","","","","","X","","","","","X","","","","","","","","","","","","","","","","","","","","","","","X","","","","","","","",""
"MFC One Geryon and One Personal Item (sleevener)",35.6092824336343,124,218,135,"sleevener",NA,NA,NA,NA,NA,"X","","","","","","X","","","X","","","X","","","","","","X","","","","","","","","","X","","","","","","","","","X","","","X","","","","","","","","","X","","","X","","","","","","X","","","","","","","","","","","","","",""
"Slouches towards Holy Pan to be born (neil)",34.9692192014031,125,748,115,"neil",NA,NA,NA,NA,NA,"X","","","","","","X","","","","","","X","","","","","","","X","","","","","X","","","","","","","","","","X","","","","","","X","","","","","X","","","","","","X","","","","","","X","","","","","","","","","X","","","","",""
"DungeonTourist (dplusplus)",31.7928775100423,126,353,127,"dplusplus",NA,NA,NA,NA,NA,"X","","","","","","X","","","X","","","X","","","","","","X","","","","","","","","","","","","","","","","X","","","","","X","","","","","","X","","","","","","X","","","","","","X","","","","","","X","","","X","","","","",""
"team titans (krigyl)",27.069354321574,127,375,126,"krigyl","errantdog",NA,NA,NA,NA,"X","","","","","","X","","","","","","X","","","","","","X","","","X","","","","","","","","","","","","","","","","","","X","","","","","","X","","","","","","X","","","","","","","","","","","","","","","","","","","",""
"Bay12 Blacksmiths (bluedave)",27.069354321574,127,154,137,"bluedave",NA,NA,NA,NA,NA,"X","","","","","","X","","","","","","X","","","","","","X","","","X","","","","","","","","","","","","","","","","","","X","","","","","","X","","","","","","X","","","","","","","","","","","","","","","","","","","",""
"Punishment from Crawl (ystaelle)",26.7134766269638,129,413,123,"ystaelle",NA,NA,NA,NA,NA,"X","","","","","","X","","","","","","X","","","X","","","X","","","","","","X","","","","","","","","","","","","","","","X","","","","","","","","","","","","X","","","","","","X","","","","","","X","","","X","","","","",""
"Lone Rainger (raine357)",23.3467784921226,130,135,138,"raine357",NA,NA,NA,NA,NA,"X","","","","","","","","","X","","","","","","","","","X","","","","","","","","","","","","","","","","","","X","","","X","","","","","","X","","","","","","X","","","","","","","","","","","","","","","","","","","",""
"Sisters In Arms (dragonlass)",19.9456887268716,131,379,125,"dragonlass","kellsagain",NA,NA,NA,NA,"X","","","","","","X","","","X","","","X","","","","","","X","","","","","","","","","","","","","","","","","","","","","X","","","","","","X","","","","","","X","","","","","","X","","","","","","","","","","","","","",""
"Atodaso (razgard)",16.2457945199998,132,290,129,"razgard","sleepydude",NA,NA,NA,NA,"X","","","","","","X","","","","","","X","","","","","","X","","","","","","","","","","","","","","","","X","","","","","X","","","","","","","","","","","","X","","","","","","","","","","","","","","","","","","","",""
"Green Armaments of Lemons (asiagounicorn)",14.5915870962776,133,235,134,"asiagounicorn","itrustedyou",NA,NA,NA,NA,"X","","","","","","X","","","","","","X","","","","","","X","","","","","","","","","X","","","","","","","","","","","","X","","","","","","","","","","","","X","","","","","","","","","","","","","","","","","","","",""
"M99 (harriot)",14.2884447726505,134,268,131,"harriot",NA,NA,NA,NA,NA,"X","","","","","","","","","","","","X","","","","","","X","","","","","","","","","X","","","","","","","","","","","","X","","","","","","","","","","","","","","","","","","X","","","","","","","","","","","","","",""
"The Shining Buns (jermanator181)",12.8261230395761,135,250,132,"jermanator181",NA,NA,NA,NA,NA,"X","","","","","","","","","","","","","","","","","","X","","","","","","","","","","","","","","","","X","","","","","X","","","","","","","","","","","","X","","","","","","","","","","","","","","","","","","","",""
"apocalypse me daddy ru (sysice)",11.5767353730388,136,628,117,"sysice",NA,NA,NA,NA,NA,"X","","","","","","","","","","","","X","","","","","","X","","","","","","","","","","","","","","","","","","","","","","X","","","","","","","","","","","","","","","","","","","","","","","X","","","","","","","",""
"Gnolls Barkley (nucleardonut)",11.446460920286,137,124,140,"nucleardonut",NA,NA,NA,NA,NA,"X","","","","","","","","","","","","X","","","","","","X","","","","","","","","","X","","","","","","","","","","","","X","","","","","","","","","","","","","","","","","","","","","","","","","","","","","","","",""
"MopnGlo (rcreutzb)",10.0372519038305,138,244,133,"rcreutzb",NA,NA,NA,NA,NA,"X","","","","","","X","","","","","","","","","","","","X","","","","","","","","","","","","","","","","","","","","","X","","","","","","","","","","","","X","","","","","","","","","","","","X","","","","","","","",""
"nameofteam (saltisreal)",8.25044987337366,139,179,136,"saltisreal",NA,NA,NA,NA,NA,"X","","","","","","","","","","","","","","","","","","X","","","","","","","","","","","","","","","","","","","","","X","","","","","","","","","","","","X","","","","","","","","","","","","X","","","","","","","",""
"HaCK and Slash (kingbobson)",8.16787667710964,140,133,139,"kingbobson","ranglespleeg",NA,NA,NA,NA,"","","","","","","","","","","","","","","","","","","X","","","","","","","","","","","","","","","","","","","","","X","","","","","","","","","X","","","X","","","","","","","","","","","","","","","","","","","",""
"Vicious Vampires (shimmeringsnowflakes)",6.75334862270908,141,104,141,"shimmeringsnowflakes","wings","xyaxazz",NA,NA,NA,"","","","","","","","","","","","","","","","","","","","","","","","","","","","","","","","","","","","","","","","","","","","","","X","","","","","","X","","","","","","","","","","","","X","","","","","","","",""
"SCUM (abeheron)",4.59795636467083,142,102,142,"abeheron","quarterback16",NA,NA,NA,NA,"","","","","","","X","","","","","","","","","","","","","","","","","","","","","","","","","","","","","","","","","X","","","","","","","","","","","","X","","","","","","","","","","","","","","","","","","","",""
"Jalapena (ajbrad)",3.48027282083486,143,80,143,"ajbrad",NA,NA,NA,NA,NA,"X","","","","","","X","","","","","","","","","","","","","","","","","","","","","","","","","","","","","","","","","","","","","","","","","","","","","","","","","","","","","","","","","","","","","","","","",""
"Crawl Died 3 Years Ago (stoats)",1.35832414553473,144,25,144,"stoats",NA,NA,NA,NA,NA,"","","","","","","","","","","","","","","","","","","","","","","","","","","","","","","","","","","","","","","","","","","","","","","","","","","","X","","","","","","","","","","","","","","","","","","","",""
"Gnolls before holes (rodrick)",0,145,20,145,"rodrick",NA,NA,NA,NA,NA,"","","","","","","","","","","","","","","","","","","","","","","","","","","","","","","","","","","","","","","","","","","","","","","","","","","","","","","","","","","","","","","","","","","","","","","",""
"Bees to Meet You (cacticus)",0,145,0,146,"cacticus",NA,NA,NA,NA,NA,"","","","","","","","","","","","","","","","","","","","","","","","","","","","","","","","","","","","","","","","","","","","","","","","","","","","","","","","","","","","","","","","","","","","","","","",""
"Cheighis Khan (acousticbigger)",0,145,0,146,"acousticbigger",NA,NA,NA,NA,NA,"","","","","","","","","","","","","","","","","","","","","","","","","","","","","","","","","","","","","","","","","","","","","","","","","","","","","","","","","","","","","","","","","","","","","","","",""
"Cheighis Khan (bloax)",0,145,0,146,"bloax",NA,NA,NA,NA,NA,"","","","","","","","","","","","","","","","","","","","","","","","","","","","","","","","","","","","","","","","","","","","","","","","","","","","","","","","","","","","","","","","","","","","","","","",""
"Malmuthaters (cab)",0,145,0,146,"cab",NA,NA,NA,NA,NA,"","","","","","","","","","","","","","","","","","","","","","","","","","","","","","","","","","","","","","","","","","","","","","","","","","","","","","","","","","","","","","","","","","","","","","","",""
" Leos Chameleos (spaghetti)",0,145,0,146,"spaghetti",NA,NA,NA,NA,NA,"","","","","","","","","","","","","","","","","","","","","","","","","","","","","","","","","","","","","","","","","","","","","","","","","","","","","","","","","","","","","","","","","","","","","","","",""
